<?xml version="1.0" encoding="UTF-8"?><?mso-application progid="Excel.Sheet"?><Workbook xmlns:c="urn:schemas-microsoft-com:office:component:spreadsheet" xmlns:html="http://www.w3.org/TR/REC-html40" xmlns:o="urn:schemas-microsoft-com:office:office" xmlns:xsi="http://www.w3.org/2001/XMLSchema-instance" xmlns="urn:schemas-microsoft-com:office:spreadsheet" xmlns:x2="http://schemas.microsoft.com/office/excel/2003/xml" xmlns:ss="urn:schemas-microsoft-com:office:spreadsheet" xmlns:x="urn:schemas-microsoft-com:office:excel"><OfficeDocumentSettings xmlns="urn:schemas-microsoft-com:office:office"><Colors><Color><Index>3</Index><RGB>#c0c0c0</RGB></Color><Color><Index>4</Index><RGB>#ff0000</RGB></Color></Colors></OfficeDocumentSettings><ExcelWorkbook xmlns="urn:schemas-microsoft-com:office:excel"><WindowHeight>9000</WindowHeight><WindowWidth>13860</WindowWidth><WindowTopX>240</WindowTopX><WindowTopY>75</WindowTopY><ProtectStructure>False</ProtectStructure><ProtectWindows>False</ProtectWindows></ExcelWorkbook><Styles><Style ss:ID="Default" ss:Name="Default"/><Style ss:ID="Result" ss:Name="Result"><Font ss:Bold="1" ss:Italic="1" ss:Size="10" ss:Underline="Single"/></Style><Style ss:ID="Result2" ss:Name="Result2"><Font ss:Bold="1" ss:Italic="1" ss:Size="10" ss:Underline="Single"/><NumberFormat ss:Format="General"/></Style><Style ss:ID="Heading" ss:Name="Heading"><Alignment ss:Horizontal="Center"/><Font ss:Bold="1" ss:Italic="1" ss:Size="16"/></Style><Style ss:ID="Heading1" ss:Name="Heading1"><Alignment ss:Horizontal="Center" ss:Rotate="90"/><Font ss:Bold="1" ss:Italic="1" ss:Size="16"/></Style><Style ss:ID="co1-1"/><Style ss:ID="ta1"/><Style ss:ID="ta_extref"/></Styles><ss:Worksheet ss:Name="Tools &amp; Formats"><Table ss:StyleID="ta1"><Column ss:Span="8" ss:Width="64.2614"/><Row ss:AutoFitHeight="0" ss:Height="12.8126"><Cell><Data ss:Type="String">formats</Data></Cell><Cell><Data ss:Type="String">#na</Data></Cell><Cell><Data ss:Type="String">#na</Data></Cell><Cell><Data ss:Type="String">#na</Data></Cell><Cell><Data ss:Type="String">#na</Data></Cell><Cell><Data ss:Type="String">Binary</Data></Cell><Cell><Data ss:Type="String">Text</Data></Cell><Cell><Data ss:Type="String">XML</Data></Cell><Cell><Data ss:Type="String">Java</Data></Cell></Row><Row ss:AutoFitHeight="0" ss:Height="12.8126"><Cell><Data ss:Type="String">tools</Data></Cell><Cell><Data ss:Type="String">tool ID</Data></Cell><Cell><Data ss:Type="String">description</Data></Cell><Cell><Data ss:Type="String">url</Data></Cell><Cell><Data ss:Type="String">licence cost</Data></Cell><Cell><Data ss:Type="String">Binary format</Data></Cell><Cell><Data ss:Type="String">Textual files</Data></Cell><Cell><Data ss:Type="String">eXtended Markup Language</Data></Cell><Cell><Data ss:Type="String">Sun Java programming language</Data></Cell></Row><Row ss:AutoFitHeight="0" ss:Height="12.8126"><Cell><Data ss:Type="String">tool</Data></Cell><Cell><Data ss:Type="String">WordProcessor</Data></Cell><Cell><Data ss:Type="String">An anonymous word processor</Data></Cell><Cell><Data ss:Type="String">http://word.processor.com</Data></Cell><Cell><Data ss:Type="Number">1200</Data></Cell><Cell><Data ss:Type="String">B</Data></Cell><Cell><Data ss:Type="String">I</Data></Cell><Cell><Data ss:Type="String">I/E</Data></Cell><Cell><Data ss:Type="String">#na</Data></Cell></Row><Row ss:AutoFitHeight="0" ss:Height="12.8126"><Cell><Data ss:Type="String">tool</Data></Cell><Cell><Data ss:Type="String">DesignTool</Data></Cell><Cell><Data ss:Type="String">A modeler</Data></Cell><Cell><Data ss:Type="String">http://MyModeler.com</Data></Cell><Cell><Data ss:Type="Number">500</Data></Cell><Cell><Data ss:Type="String">B</Data></Cell><Cell><Data ss:Type="String">#na</Data></Cell><Cell><Data ss:Type="String">I/E</Data></Cell><Cell><Data ss:Type="String">E</Data></Cell></Row><Row ss:AutoFitHeight="0" ss:Height="12.8126"><Cell><Data ss:Type="String">tool</Data></Cell><Cell><Data ss:Type="String">DevTool</Data></Cell><Cell><Data ss:Type="String">Integrated development environment</Data></Cell><Cell><Data ss:Type="String">http://www.eclipse.org</Data></Cell><Cell><Data ss:Type="Number">2300</Data></Cell><Cell><Data ss:Type="String">#na</Data></Cell><Cell><Data ss:Type="String">#na</Data></Cell><Cell><Data ss:Type="String">I</Data></Cell><Cell><Data ss:Type="String">B</Data></Cell></Row><Row ss:AutoFitHeight="0" ss:Height="12.8126"><Cell><Data ss:Type="String">tool</Data></Cell><Cell><Data ss:Type="String">BugTracker</Data></Cell><Cell><Data ss:Type="String">an useful bugs traking system</Data></Cell><Cell><Data ss:Type="String">http://free.tracker.net</Data></Cell><Cell><Data ss:Type="Number">0</Data></Cell><Cell><Data ss:Type="String">#na</Data></Cell><Cell><Data ss:Type="String">E</Data></Cell><Cell><Data ss:Type="String">I</Data></Cell><Cell><Data ss:Type="String">#na</Data></Cell></Row></Table><x:WorksheetOptions/></ss:Worksheet><ss:Worksheet ss:Name="Users"><Table ss:StyleID="ta1"><Column ss:Span="5" ss:Width="64.2614"/><Row ss:AutoFitHeight="0" ss:Height="12.8126"><Cell><Data ss:Type="String">users</Data></Cell><Cell><Data ss:Type="String">first name</Data></Cell><Cell><Data ss:Type="String">last name</Data></Cell><Cell><Data ss:Type="String">service</Data></Cell><Cell><Data ss:Type="String">uses</Data></Cell><Cell><Data ss:Type="String">location</Data></Cell></Row><Row ss:AutoFitHeight="0" ss:Height="12.8126"><Cell><Data ss:Type="String">user</Data></Cell><Cell><Data ss:Type="String">Jerome</Data></Cell><Cell><Data ss:Type="String">MARTIN</Data></Cell><Cell><Data ss:Type="String">Mktg</Data></Cell><Cell><Data ss:Type="String">WordProcessor,DesignTool</Data></Cell><Cell><Data ss:Type="String">-1.521066,47.282815,0.0</Data></Cell></Row><Row ss:AutoFitHeight="0" ss:Height="12.8126"><Cell><Data ss:Type="String">user</Data></Cell><Cell><Data ss:Type="String">Andre</Data></Cell><Cell><Data ss:Type="String">MAURICE</Data></Cell><Cell><Data ss:Type="String">Prod</Data></Cell><Cell><Data ss:Type="String">WordProcessor</Data></Cell><Cell><Data ss:Type="String">-1.656508,48.090451,0.0</Data></Cell></Row><Row ss:AutoFitHeight="0" ss:Height="12.8126"><Cell><Data ss:Type="String">user</Data></Cell><Cell><Data ss:Type="String">Paul</Data></Cell><Cell><Data ss:Type="String">ANDRE</Data></Cell><Cell><Data ss:Type="String">Prod</Data></Cell><Cell><Data ss:Type="String">DesignTool,DevTool</Data></Cell><Cell><Data ss:Type="String">1.656508,46.090451,0.0</Data></Cell></Row><Row ss:AutoFitHeight="0" ss:Height="12.8126"><Cell><Data ss:Type="String">user</Data></Cell><Cell><Data ss:Type="String">Marcel</Data></Cell><Cell><Data ss:Type="String">MARTIN</Data></Cell><Cell><Data ss:Type="String">Prod</Data></Cell><Cell><Data ss:Type="String">DesignTool,BugTracker</Data></Cell><Cell><Data ss:Type="String">1.006508,47.090451,0.0</Data></Cell></Row><Row ss:AutoFitHeight="0" ss:Height="12.8126"><Cell><Data ss:Type="String">user</Data></Cell><Cell><Data ss:Type="String">Martin</Data></Cell><Cell><Data ss:Type="String">ANDRE</Data></Cell><Cell><Data ss:Type="String">Dir</Data></Cell><Cell><Data ss:Type="String">WordProcessor</Data></Cell><Cell><Data ss:Type="String">-1.521066,46.782815,0.0</Data></Cell></Row><Row ss:AutoFitHeight="0" ss:Height="12.8126"><Cell><Data ss:Type="String">user</Data></Cell><Cell><Data ss:Type="String">Wolfgang</Data></Cell><Cell><Data ss:Type="String">SCHMIDT</Data></Cell><Cell><Data ss:Type="String">Prod</Data></Cell><Cell><Data ss:Type="String">DevTool,BugTracker</Data></Cell><Cell><Data ss:Type="String">8.55,51.0,0.0</Data></Cell></Row><Row ss:AutoFitHeight="0" ss:Height="12.8126"><Cell><Data ss:Type="String">user</Data></Cell><Cell><Data ss:Type="String">Helmut</Data></Cell><Cell><Data ss:Type="String">SCHROEDER</Data></Cell><Cell><Data ss:Type="String">Mktg</Data></Cell><Cell><Data ss:Type="String">WordProcessor</Data></Cell><Cell><Data ss:Type="String">8.70,49.5,0.0</Data></Cell></Row><Row ss:AutoFitHeight="0" ss:Height="12.8126"><Cell><Data ss:Type="String">user</Data></Cell><Cell><Data ss:Type="String">Juliano</Data></Cell><Cell><Data ss:Type="String">LIPISI</Data></Cell><Cell><Data ss:Type="String">Dir</Data></Cell><Cell><Data ss:Type="String">DevTool,BugTracker</Data></Cell><Cell><Data ss:Type="String">10.75,44.15,0.0</Data></Cell></Row></Table><x:WorksheetOptions/></ss:Worksheet></Workbook>